!!!!!ΣΗΜΑΝΤΙΚΑ!!!!!,,,,,,,,,,,,,,,,,,,,
1)  ΔΙΑΒΑΣΤΕ ΠΡΟΣΕΚΤΙΚΑ ΤΑ ΠΑΡΑΚΑΤΩ,,,,,,,,,,,,,,,,,,,,
"2) Το αρχείο πρέπει να έχει ΥΠΟΧΡΕΩΤΙΚΑ όνομα SubjectLists και να είναι  Υπολογιστικό Φύλλο .csv διαχωρισμένο με ','(ΚΟΜΜΑ) στην εξαγωγή του αρχείου και UTF-8  κωδικοποίηση",,,,,,,,,,,,,,,,,,,,
"3) όταν κάνετε εξαγωγή, σιγουρευτείτε ότι το αρχείο ονομάζεται SubjectLists.csv (το .csv μπορεί να μην φαίνεται αλλά αυτήν την κατάληξη θα έχει το αρχείο).",,,,,,,,,,,,,,,,,,,,
4) ΔΕΝ ΠΕΙΡΑΖΟΥΜΕ την ΠΡΩΤΗ ΣΤΗΛΗ,,,,,,,,,,,,,,,,,,,,
5) ΔΕΝ ΑΛΛΑΖΟΥΜΕ ΤΗΝ ΣΕΙΡΑ ΤΩΝ ΣΤΗΛΩΝ,,,,,,,,,,,,,,,,,,,,
"6) Όπου υπάρχει άδειο κελί, βάζουμε -(παύλα)",,,,,,,,,,,,,,,,,,,,
7) Επιτρέπονται στο ΣΥΝΟΛΟ μέχρι και 4 ΠΡΟΑΠΑΙΤΟΥΜΕΝΑ και 3 ΠΡΟΤΕΙΝΟΜΕΝΑ,,,,,,,,,,,,,,,,,,,,
"8)Πάντα ελέγχουμε όταν κάνουμε αλλαγές, μετά από ένα 5-10λεπτο, ότι οι αλλαγές ανανεώθηκαν στην ιστοσελίδα και δεν υπάρχουν προβλήματα (Εννοείται ελέγχουμε μετά το ανέβασμα του αρχείου στο repository)",,,,,,,,,,,,,,,,,,,,
9) Ελέγχουμε τις λίστες με τις κατηγορίες μαθημάτων 2024-2025+ για να σιγουρευτούμε ότι έγιναν οι αλλαγές.,,,,,,,,,,,,,,,,,,,,
10) Ελέγχουμε ότι το αρχείο δεν έχει παράξενα σύμβολα μετά την εξαγωγή,,,,,,,,,,,,,,,,,,,,
11) ΔΕΝ ΑΛΛΑΖΟΥΜΕ ΠΡΙΝ ΚΑΙ ΤΗΝ ΓΡΑΜΜΗ 18. Επεξεργασία στις γραμμές από την ΓΡΑΜΜΗ 19 και κάτω.,,,,,,,,,,,,,,,,,,,,
12) ΔΕΝ αλλάζουμε την Γραμμή 18 - Κατηγορίες Στηλών,,,,,,,,,,,,,,,,,,,,
13) Κάνουμε εξαγωγή αρχείο CSV-Υπολογιστικό Φύλλο με UTF-8,,,,,,,,,,,,,,,,,,,,
"14) ΥΠΟΧΡΕΩΤΙΚΑ διαχωρισμένο με ','(ΚΟΜΜΑ): Εξαγωγή/Αποθήκευση Ως CSV UTF-8 (Comma delimited)",,,,,,,,,,,,,,,,,,,,
15) Το αρχείο πρέπει να είναι CSV και η τελική του ονομασία να είναι                           SubjectLists.csv (το.csv μπορεί να μην φαίνεται αλλά αυτήν την κατάληξη θα έχει το αρχείο).,,,,,,,,,,,,,,,,,,,,
Εδώ αναγράφεται η ΚΑΤΗΓΟΡΙΑ στην οποία ανήκει το κάθε μάθημα π.χ Core Courses,Εδώ αναφέρεται ο ΚΩΔΙΚΟΣ του συγκεκριμένου μαθήματος π.χ. HY360,Εδώ αναφέρεται το ΟΝΟΜΑ του μαθήματος π.χ. Αρχεία και Βάσεις Δεδομένων,Εδώ αναφέρεται η ΙΣΤΟΣΕΛΙΔΑ του μαθήματος,Εδώ αναφέρονται τα ECTS του μαθήματος π.χ. 8,"Εδώ αναφέρονται ΟΛΑ τα ΠΡΟΑΠΑΙΤΟΥΜΕΝΑ ενός μαθήματος μαζεμένα. Αυτό θα εμφανίζεται στην λίστα δίπλα από το συγκεκριμένο μάθημα, όπως στην ιστοσελίδα του μαθήματος. π.χ. HY-240 ή/or ΗΥ-255 & ΗΥ-118 ή/or ΗΥ-180","Εδώ αναφέρεται ΜΟΝΟ το ΠΡΩΤΟ προαπαιτούμενο ξεχωριστά, αν υπάρχει, αλλιώς -(παύλα). π.χ. HY-240 ή/or ΗΥ-255 & ΗΥ-118 ή/or ΗΥ-180","Εδώ αναφέρεται ο ΣΥΝΔΕΣΜΟΣ του ΠΡΩΤΟΥ  προαπαιτούμενου μαθήματος, αν υπάρχει, αλλιώς - (παύλα).","Εδώ αναφέρεται ΜΟΝΟ το ΔΕΥΤΕΡΟ προαπαιτούμενο ξεχωριστά, αν υπάρχει, αλλιώς -(παύλα).  π.χ. HY-240 ή/or ΗΥ-255 & ΗΥ-118 ή/or ΗΥ-180","Εδώ αναφέρεται ο ΣΥΝΔΕΣΜΟΣ του ΔΕΥΤΕΡΟΥ προαπαιτούμενου μαθήματος, αν υπάρχει, αλλιώς -(παύλα).","Εδώ αναφέρεται ΜΟΝΟ το ΤΡΙΤΟ προαπαιτούμενο ξεχωριστά, αν υπάρχει, αλλιώς -(παύλα). π.χ. HY-240 ή/or ΗΥ-255 & ΗΥ-118 ή/or ΗΥ-180","Εδώ αναφέρεται ο ΣΥΝΔΕΣΜΟΣ του ΤΡΙΤΟΥ προαπαιτούμενου μαθήματος, αν υπάρχει, αλλιώς -(παύλα).","Εδώ αναφέρεται ΜΟΝΟ το ΤΕΤΑΡΤΟ προαπαιτούμενο ξεχωριστά, αν υπάρχει, αλλιώς -(παύλα). π.χ. HY-240 ή/or ΗΥ-255 & ΗΥ-118 ή/or ΗΥ-180","Εδώ αναφέρεται ο ΣΥΝΔΕΣΜΟΣ του ΤΕΤΑΡΤΟΥ προαπαιτούμενου μαθήματος, αν υπάρχει, αλλιώς -(παύλα).",Εδώ αναφέρονται ΟΛΑ τα ΠΡΟΤΕΙΝΟΜΕΝΑ ενός μαθήματος μαζεμένα. Αυτό θα εμφανίζεται στην λίστα δίπλα από το συγκεκριμένο μάθημα όπως στην ιστοσελίδα του μαθήματος. π.χ. ΗΥ-225 & ΗΥ-345 & ΗΥ-380,"Εδώ αναφέρεται ΜΟΝΟ το ΠΡΩΤΟ προαπαιτούμενο ξεχωριστά, αν υπάρχει, αλλιώς -(παύλα). π.χ. ΗΥ-225 & ΗΥ-345 & ΗΥ-380","Εδώ αναφέρεται ο ΣΥΝΔΕΣΜΟΣ του ΠΡΩΤΟΥ προτεινόμενου μαθήματος, αν υπάρχει, αλλιώς -(παύλα).","Εδώ αναφέρεται ΜΟΝΟ το ΔΕΥΤΕΡΟ προαπαιτούμενο ξεχωριστά, αν υπάρχει, αλλιώς -(παύλα). π.χ. ΗΥ-225 & ΗΥ-345 & ΗΥ-380","Εδώ αναφέρεται ο ΣΥΝΔΕΣΜΟΣ του ΔΕΥΤΕΡΟΥ προτεινόμενου μαθήματος, αν υπάρχει, αλλιώς -(παύλα).","Εδώ αναφέρεται ΜΟΝΟ το ΤΡΙΤΟ προαπαιτούμενο ξεχωριστά, αν υπάρχει, αλλιώς -(παύλα). π.χ. ΗΥ-225 & ΗΥ-345 & ΗΥ-380","Εδώ αναφέρεται ο ΣΥΝΔΕΣΜΟΣ του ΤΡΙΤΟΥ προτεινόμενου μαθήματος, αν υπάρχει, αλλιώς -(παύλα)."
Κατηγορία Μαθήματος,Κωδικός Μαθήματος,Όνομα Μαθήματος,Σύνδεσμος Μαθήματος,ECTS,Προαπαιτούμενα(ΟΛΑ),Προαπαιτούμενo 1,Σύνδεσμος Προαπαιτούμενου 1,Προαπαιτούμενο 2,Σύνδεσμος Προαπαιτούμενου 2,Προαπαιτούμενο 3,Σύνδεσμος Προαπαιτούμενου 3,Προαπαιτούμενο 4,Σύνδεσμος Προαπαιτούμενου 4,Προτεινόμενα(ΟΛΑ),Προτεινόμενο 1,Σύνδεσμος Προτεινόμενου 1,Προτεινόμενο 2,Σύνδεσμος Προτεινόμενου 2,Προτεινόμενο 3,Σύνδεσμος Προτεινόμενου 3
A1,ΗΥ-220,Εργαστήριο Ψηφιακών Κυκλωμάτων,http://www.csd.uoc.gr/CSD/index.jsp?content=courses_catalog_new&openmenu=demoAcc3&lang=gr&course=87,6,HY-120,HY-120,http://www.csd.uoc.gr/CSD/index.jsp?content=courses_catalog_new&openmenu=demoAcc3&lang=gr&course=9,-,-,-,-,-,-,-,-,-,-,-,-,-
Α1,ΗΥ-422,Εισαγωγή στα Συστήματα VLS,http://www.csd.uoc.gr/CSD/index.jsp?content=courses_catalog_new&openmenu=demoAcc3&lang=gr&course=89,6,HY-225,HY-225,http://www.csd.uoc.gr/CSD/index.jsp?content=courses_catalog_new&openmenu=demoAcc3&lang=gr&course=16,-,-,-,-,-,-,HY-121,HY-121,http://www.csd.uoc.gr/CSD/index.jsp?content=courses_catalog_new&openmenu=demoAcc3&lang=gr&course=35,-,-,-,-
Α2,ΗΥ-342,Παράλληλος Προγραμματισμός,http://www.csd.uoc.gr/CSD/index.jsp?content=courses_catalog_new&openmenu=demoAcc3&lang=gr&course=239,6,ΗΥ-252 or/ή ΗΥ-255,ΗΥ-252,http://www.csd.uoc.gr/CSD/index.jsp?content=courses_catalog_new&openmenu=demoAcc3&lang=gr&course=18,ΗΥ-255,http://www.csd.uoc.gr/CSD/index.jsp?content=courses_catalog_new&openmenu=demoAcc3&lang=gr&course=19,-,-,-,-,-,-,-,-,-,-,-
Α2,ΗΥ-425,Αρχιτεκτονική Υπολογιστικών Συστημάτων,http://www.csd.uoc.gr/CSD/index.jsp?content=courses_catalog_new&openmenu=demoAcc3&lang=gr&course=90,6,HY-225,HY-225,http://www.csd.uoc.gr/CSD/index.jsp?content=courses_catalog_new&openmenu=demoAcc3&lang=gr&course=16,-,-,-,-,-,-,-,-,-,-,-,-,-
Α2,ΗΥ-428,Εργαστήριο Ενσωματωμένων Συστημάτων,http://www.csd.uoc.gr/CSD/index.jsp?content=courses_catalog_new&openmenu=demoAcc3&lang=gr&course=88,6,ΗΥ-255 or/ή HY-225,ΗΥ-255,http://www.csd.uoc.gr/CSD/index.jsp?content=courses_catalog_new&openmenu=demoAcc3&lang=gr&course=19,HY-225,http://www.csd.uoc.gr/CSD/index.jsp?content=courses_catalog_new&openmenu=demoAcc3&lang=gr&course=16,-,-,-,-,-,-,-,-,-,-,-
Α3,ΗΥ-455,Εργαστήριο Διαδικτυακών Επιθέσεων και Αμυντικών Τεχνικών,http://www.csd.uoc.gr/CSD/index.jsp?content=courses_catalog_new&openmenu=demoAcc3&lang=gr&course=97,6,ΗΥ-335 & HY-345,ΗΥ-335,http://www.csd.uoc.gr/CSD/index.jsp?content=courses_catalog_new&openmenu=demoAcc3&lang=gr&course=21,HY-345,http://www.csd.uoc.gr/CSD/index.jsp?content=courses_catalog_new&openmenu=demoAcc3&lang=gr&course=23,-,-,-,-,-,-,-,-,-,-,-
Α3,ΗΥ-457,Εισαγωγή στα Συστήματα Ασφάλειας Πληροφοριών,http://www.csd.uoc.gr/CSD/index.jsp?content=courses_catalog_new&openmenu=demoAcc3&lang=gr&course=98,6,HY-150,HY-150,http://www.csd.uoc.gr/CSD/index.jsp?content=courses_catalog_new&openmenu=demoAcc3&lang=gr&course=10,-,-,-,-,-,-,HY-345 & HY-335,HY-345,http://www.csd.uoc.gr/CSD/index.jsp?content=courses_catalog_new&openmenu=demoAcc3&lang=gr&course=23,HY-335,http://www.csd.uoc.gr/CSD/index.jsp?content=courses_catalog_new&openmenu=demoAcc3&lang=gr&course=21,-,-
Α3,ΗΥ-457.1,Ψηφιακή Εγκληματολογία και Ασφάλεια,http://www.csd.uoc.gr/CSD/index.jsp?content=courses_catalog_new&openmenu=demoAcc3&lang=gr&course=262,6,ΗΥ-345,ΗΥ-345,http://www.csd.uoc.gr/CSD/index.jsp?content=courses_catalog_new&openmenu=demoAcc3&lang=gr&course=23,-,-,-,-,-,-,-,-,-,-,-,-,-
Α3,ΗΥ-458,Εισαγωγή στην Κρυπτογραφία,http://www.csd.uoc.gr/CSD/index.jsp?content=courses_catalog_new&openmenu=demoAcc3&lang=gr&course=266,6,ΗΥ-118 & ΗΥ-240,ΗΥ-118,http://www.csd.uoc.gr/CSD/index.jsp?content=courses_catalog_new&openmenu=demoAcc3&lang=gr&course=7,ΗΥ-240,http://www.csd.uoc.gr/CSD/index.jsp?content=courses_catalog_new&openmenu=demoAcc3&lang=gr&course=17,-,-,-,-,ΗΥ-345,ΗΥ-345,http://www.csd.uoc.gr/CSD/index.jsp?content=courses_catalog_new&openmenu=demoAcc3&lang=gr&course=23,-,-,-,-
Α4,ΗΥ-330,Εισαγωγή στη Θεωρία Τηλεπικοινωνιακών Συστημάτων,http://www.csd.uoc.gr/CSD/index.jsp?content=courses_catalog_new&openmenu=demoAcc3&lang=gr&course=79,6,-,-,-,-,-,-,-,-,-,HY-217 & HY-215,HY-217,http://www.csd.uoc.gr/CSD/index.jsp?content=courses_catalog_new&openmenu=demoAcc3&lang=gr&course=15,HY-215,http://www.csd.uoc.gr/CSD/index.jsp?content=courses_catalog_new&openmenu=demoAcc3&lang=gr&course=14,-,-
Α4,ΗΥ-435,Εργαστήριο Τεχνολογίας & Προγραμματισμού Δικτύων Ι,http://www.csd.uoc.gr/CSD/index.jsp?content=courses_catalog_new&openmenu=demoAcc3&lang=gr&course=82,6,HY-335,HY-335,http://www.csd.uoc.gr/CSD/index.jsp?content=courses_catalog_new&openmenu=demoAcc3&lang=gr&course=21,-,-,-,-,-,-,-,-,-,-,-,-,-
Α4,ΗΥ-436,Δίκτυα Καθοριζόμενα από Λογισμικό,http://www.csd.uoc.gr/CSD/index.jsp?content=courses_catalog_new&openmenu=demoAcc3&lang=gr&course=83,6,HY-335,HY-335,http://www.csd.uoc.gr/CSD/index.jsp?content=courses_catalog_new&openmenu=demoAcc3&lang=gr&course=21,-,-,-,-,-,-,-,-,-,-,-,-,-
Α4,ΗΥ-439,Κινητά Υπολογιστικά Συστήματα,http://www.csd.uoc.gr/CSD/index.jsp?content=courses_catalog_new&openmenu=demoAcc3&lang=gr&course=84,6,HY-335,HY-335,http://www.csd.uoc.gr/CSD/index.jsp?content=courses_catalog_new&openmenu=demoAcc3&lang=gr&course=21,-,-,-,-,-,-,-,-,-,-,-,-,-
Α4,ΗΥ-459,Μέτρηση και Εποπτεία του Διαδικτύου,http://www.csd.uoc.gr/CSD/index.jsp?content=courses_catalog_new&openmenu=demoAcc3&lang=gr&course=99,6,ΗΥ-345,ΗΥ-345,http://www.csd.uoc.gr/CSD/index.jsp?content=courses_catalog_new&openmenu=demoAcc3&lang=gr&course=23,-,-,-,-,-,-,-,-,-,-,-,-,-
Β1,ΗΥ-468,Θεωρία Παιγνίων και Αποφάσεων σε Συστήματα Υπηρεσιών,http://www.csd.uoc.gr/CSD/index.jsp?content=courses_catalog_new&openmenu=demoAcc3&lang=gr&course=230,6,ΗΥ-217 & ΗΥ-317,ΗΥ-217,http://www.csd.uoc.gr/CSD/index.jsp?content=courses_catalog_new&openmenu=demoAcc3&lang=gr&course=15,ΗΥ-317,http://www.csd.uoc.gr/CSD/index.jsp?content=courses_catalog_new&openmenu=demoAcc3&lang=gr&course=111,-,-,-,-,-,-,-,-,-,-,-
Β1,ΗΥ-484,Δυναμική Πολύπλοκων Δικτύων,http://www.csd.uoc.gr/CSD/index.jsp?content=courses_catalog_new&openmenu=demoAcc3&lang=gr&course=113,6,ΗΥ-118 & ΗΥ-240,ΗΥ-118,http://www.csd.uoc.gr/CSD/index.jsp?content=courses_catalog_new&openmenu=demoAcc3&lang=gr&course=7,ΗΥ-240,http://www.csd.uoc.gr/CSD/index.jsp?content=courses_catalog_new&openmenu=demoAcc3&lang=gr&course=17,-,-,-,-,-,-,-,-,-,-,-
Β1,ΗΥ-486,Αρχές Κατανεμημένου Υπολογισμού,http://www.csd.uoc.gr/CSD/index.jsp?content=courses_catalog_new&openmenu=demoAcc3&lang=gr&course=118,6,ΗΥ-240,ΗΥ-240,http://www.csd.uoc.gr/CSD/index.jsp?content=courses_catalog_new&openmenu=demoAcc3&lang=gr&course=17,-,-,-,-,-,-,ΗΥ-225 & ΗΥ-345 & ΗΥ-380,ΗΥ-225,http://www.csd.uoc.gr/CSD/index.jsp?content=courses_catalog_new&openmenu=demoAcc3&lang=gr&course=16,ΗΥ-345,http://www.csd.uoc.gr/CSD/index.jsp?content=courses_catalog_new&openmenu=demoAcc3&lang=gr&course=23,ΗΥ-380,http://www.csd.uoc.gr/CSD/index.jsp?content=courses_catalog_new&openmenu=demoAcc3&lang=gr&course=25
Β2,ΗΥ-351,Ανάλυση και Σχεδίαση Πληροφοριακών Συστημάτων,http://www.csd.uoc.gr/CSD/index.jsp?content=courses_catalog_new&openmenu=demoAcc3&lang=gr&course=91,6,HY-252,HY-252,http://www.csd.uoc.gr/CSD/index.jsp?content=courses_catalog_new&openmenu=demoAcc3&lang=gr&course=18,-,-,-,-,-,-,HY-352 & HY-360,HY-352,http://www.csd.uoc.gr/CSD/index.jsp?content=courses_catalog_new&openmenu=demoAcc3&lang=gr&course=92,HY-360,http://www.csd.uoc.gr/CSD/index.jsp?content=courses_catalog_new&openmenu=demoAcc3&lang=gr&course=24,-,-
Β2,ΗΥ-452,Εισαγωγή στην Επιστήμη και την Τεχνολογία των Υπηρεσιών,http://www.csd.uoc.gr/CSD/index.jsp?content=courses_catalog_new&openmenu=demoAcc3&lang=gr&course=95,6,ΗΥ-345 & ΗΥ-360,ΗΥ-345,http://www.csd.uoc.gr/CSD/index.jsp?content=courses_catalog_new&openmenu=demoAcc3&lang=gr&course=23,ΗΥ-360,http://www.csd.uoc.gr/CSD/index.jsp?content=courses_catalog_new&openmenu=demoAcc3&lang=gr&course=24,-,-,-,-,HY-359,HY-359,http://www.csd.uoc.gr/CSD/index.jsp?content=courses_catalog_new&openmenu=demoAcc3&lang=gr&course=94,-,-,-,-
Β2,ΗΥ-460,Συστήματα Διαχείρισης Βάσεων Δεδομένων,http://www.csd.uoc.gr/CSD/index.jsp?content=courses_catalog_new&openmenu=demoAcc3&lang=gr&course=101,6,HY-360,HY-360,http://www.csd.uoc.gr/CSD/index.jsp?content=courses_catalog_new&openmenu=demoAcc3&lang=gr&course=24,-,-,-,-,-,-,-,-,-,-,-,-,-
Β2,ΗΥ-463,Συστήματα Ανάκτησης Πληροφοριών,http://www.csd.uoc.gr/CSD/index.jsp?content=courses_catalog_new&openmenu=demoAcc3&lang=gr&course=102,6,HY-240,HY-240,http://www.csd.uoc.gr/CSD/index.jsp?content=courses_catalog_new&openmenu=demoAcc3&lang=gr&course=17,-,-,-,-,-,-,-,-,-,-,-,-,-
Β3,ΗΥ-352,Τεχνολογία Λογισμικού,http://www.csd.uoc.gr/CSD/index.jsp?content=courses_catalog_new&openmenu=demoAcc3&lang=gr&course=92,6,HY-252,HY-252,http://www.csd.uoc.gr/CSD/index.jsp?content=courses_catalog_new&openmenu=demoAcc3&lang=gr&course=18,-,-,-,-,-,-,-,-,-,-,-,-,-
Β3,ΗΥ-359,Διαδικτυοκεντρικός Προγραμματισμός,http://www.csd.uoc.gr/CSD/index.jsp?content=courses_catalog_new&openmenu=demoAcc3&lang=gr&course=94,6,HY-252,HY-252,http://www.csd.uoc.gr/CSD/index.jsp?content=courses_catalog_new&openmenu=demoAcc3&lang=gr&course=18,-,-,-,-,-,-,-,-,-,-,-,-,-
Β3,ΗΥ-446,Συστήματα Εκτέλεσης Δυναμικών Γλωσσών Προγραμματισμού,http://www.csd.uoc.gr/CSD/index.jsp?content=courses_catalog_new&openmenu=demoAcc3&lang=gr&course=237,6,ΗΥ-252 & ΗΥ-345,ΗΥ-252,http://www.csd.uoc.gr/CSD/index.jsp?content=courses_catalog_new&openmenu=demoAcc3&lang=gr&course=18,ΗΥ-345,http://www.csd.uoc.gr/CSD/index.jsp?content=courses_catalog_new&openmenu=demoAcc3&lang=gr&course=23,-,-,-,-,-,-,-,-,-,-,-
Β4,ΗΥ-473,Αναγνώριση Προτύπων,http://www.csd.uoc.gr/CSD/index.jsp?content=courses_catalog_new&openmenu=demoAcc3&lang=gr&course=108,6,HY-217 & HY-119,HY-217,http://www.csd.uoc.gr/CSD/index.jsp?content=courses_catalog_new&openmenu=demoAcc3&lang=gr&course=15,HY-119,http://www.csd.uoc.gr/CSD/index.jsp?content=courses_catalog_new&openmenu=demoAcc3&lang=gr&course=8,-,-,-,-,HY-215 & HY-370,HY-215,http://www.csd.uoc.gr/CSD/index.jsp?content=courses_catalog_new&openmenu=demoAcc3&lang=gr&course=14,HY-370,http://www.csd.uoc.gr/CSD/index.jsp?content=courses_catalog_new&openmenu=demoAcc3&lang=gr&course=80,-,-
Β4,ΗΥ-485,Επιστήμη Δεδομένων και Εφαρμογές,http://www.csd.uoc.gr/CSD/index.jsp?content=courses_catalog_new&openmenu=demoAcc3&lang=gr&course=275,6,ΗΥ-119 & ΗΥ-150 & ΗΥ-217,ΗΥ-119,http://www.csd.uoc.gr/CSD/index.jsp?content=courses_catalog_new&openmenu=demoAcc3&lang=gr&course=8,ΗΥ-150,http://www.csd.uoc.gr/CSD/index.jsp?content=courses_catalog_new&openmenu=demoAcc3&lang=gr&course=10,ΗΥ-217,http://www.csd.uoc.gr/CSD/index.jsp?content=courses_catalog_new&openmenu=demoAcc3&lang=gr&course=15,-,-,-,-,-,-,-,-,-
Β4,ΗΥ-487,Εισαγωγή στην Τεχνητή Νοημοσύνη,http://www.csd.uoc.gr/CSD/index.jsp?content=courses_catalog_new&openmenu=demoAcc3&lang=gr&course=114,6,HY-240 & HY-180,HY-240,http://www.csd.uoc.gr/CSD/index.jsp?content=courses_catalog_new&openmenu=demoAcc3&lang=gr&course=17,HY-180,http://www.csd.uoc.gr/CSD/index.jsp?content=courses_catalog_new&openmenu=demoAcc3&lang=gr&course=11,-,-,-,-,-,-,-,-,-,-,-
C1,ΗΥ-317,Εφαρμοσμένες Στοχαστικές Διαδικασίες,http://www.csd.uoc.gr/CSD/index.jsp?content=courses_catalog_new&openmenu=demoAcc3&lang=gr&course=111,6,HY-217,HY-217,http://www.csd.uoc.gr/CSD/index.jsp?content=courses_catalog_new&openmenu=demoAcc3&lang=gr&course=15,-,-,-,-,-,-,-,-,-,-,-,-,-
C1,ΗΥ-370,Ψηφιακή Επεξεργασία Σημάτων,http://www.csd.uoc.gr/CSD/index.jsp?content=courses_catalog_new&openmenu=demoAcc3&lang=gr&course=80,6,HY-215,HY-215,http://www.csd.uoc.gr/CSD/index.jsp?content=courses_catalog_new&openmenu=demoAcc3&lang=gr&course=14,-,-,-,-,-,-,HY-111,HY-111,http://www.csd.uoc.gr/CSD/index.jsp?content=courses_catalog_new&openmenu=demoAcc3&lang=gr&course=5,-,-,-,-
C1,ΗΥ-474,Τεχνολογία Πολυμέσων,http://www.csd.uoc.gr/CSD/index.jsp?content=courses_catalog_new&openmenu=demoAcc3&lang=gr&course=85,6,HY-215,HY-215,http://www.csd.uoc.gr/CSD/index.jsp?content=courses_catalog_new&openmenu=demoAcc3&lang=gr&course=14,-,-,-,-,-,-,HY-370 & HY-217,HY-370,http://www.csd.uoc.gr/CSD/index.jsp?content=courses_catalog_new&openmenu=demoAcc3&lang=gr&course=80,HY-217,http://www.csd.uoc.gr/CSD/index.jsp?content=courses_catalog_new&openmenu=demoAcc3&lang=gr&course=15,-,-
C2,ΗΥ-371,Ψηφιακή Επεξεργασία Εικόνων,http://www.csd.uoc.gr/CSD/index.jsp?content=courses_catalog_new&openmenu=demoAcc3&lang=gr&course=233,6,ΗΥ-119,ΗΥ-119,http://www.csd.uoc.gr/CSD/index.jsp?content=courses_catalog_new&openmenu=demoAcc3&lang=gr&course=8,-,-,-,-,-,-,ΗΥ-110,ΗΥ-110,http://www.csd.uoc.gr/CSD/index.jsp?content=courses_catalog_new&openmenu=demoAcc3&lang=gr&course=4,-,-,-,-
C2,ΗΥ-471,Ανάλυση Εικόνων,http://www.csd.uoc.gr/CSD/index.jsp?content=courses_catalog_new&openmenu=demoAcc3&lang=gr&course=106,6,ΗΥ-371,ΗΥ-371,http://www.csd.uoc.gr/CSD/index.jsp?content=courses_catalog_new&openmenu=demoAcc3&lang=gr&course=233,-,-,-,-,-,-,-,-,-,-,-,-,-
C2,ΗΥ-472,Υπολογιστική Όραση,http://www.csd.uoc.gr/CSD/index.jsp?content=courses_catalog_new&openmenu=demoAcc3&lang=gr&course=107,6,ΗΥ-371,ΗΥ-371,http://www.csd.uoc.gr/CSD/index.jsp?content=courses_catalog_new&openmenu=demoAcc3&lang=gr&course=233,-,-,-,-,-,-,ΗΥ-471,ΗΥ-471,http://www.csd.uoc.gr/CSD/index.jsp?content=courses_catalog_new&openmenu=demoAcc3&lang=gr&course=106,-,-,-,-
C2,ΗΥ-475,Αυτόνομη Ρομποτική Πλοήγηση,http://www.csd.uoc.gr/CSD/index.jsp?content=courses_catalog_new&openmenu=demoAcc3&lang=gr&course=109,6,HY-217 & HY-119,HY-217,http://www.csd.uoc.gr/CSD/index.jsp?content=courses_catalog_new&openmenu=demoAcc3&lang=gr&course=15,HY-119,http://www.csd.uoc.gr/CSD/index.jsp?content=courses_catalog_new&openmenu=demoAcc3&lang=gr&course=8,-,-,-,-,ΗΥ-471,ΗΥ-471,http://www.csd.uoc.gr/CSD/index.jsp?content=courses_catalog_new&openmenu=demoAcc3&lang=gr&course=106,-,-,-,-
C3,ΗΥ-358,Γραφική,http://www.csd.uoc.gr/CSD/index.jsp?content=courses_catalog_new&openmenu=demoAcc3&lang=gr&course=93,6,HY-240,HY-240,http://www.csd.uoc.gr/CSD/index.jsp?content=courses_catalog_new&openmenu=demoAcc3&lang=gr&course=17,-,-,-,-,-,-,-,-,-,-,-,-,-
C3,ΗΥ-364,Εισαγωγή στην Αλληλεπίδραση Ανθρώπου-Υπολογιστή,http://www.csd.uoc.gr/CSD/index.jsp?content=courses_catalog_new&openmenu=demoAcc3&lang=gr&course=229,6,ΗΥ-150,ΗΥ-150,http://www.csd.uoc.gr/CSD/index.jsp?content=courses_catalog_new&openmenu=demoAcc3&lang=gr&course=10,-,-,-,-,-,-,-,-,-,-,-,-,-
C3,ΗΥ-454,Τεχνολογία Ανάπτυξης Έξυπνων Διεπαφών και Παιχνιδιών,http://www.csd.uoc.gr/CSD/index.jsp?content=courses_catalog_new&openmenu=demoAcc3&lang=gr&course=278,6,ΗΥ-255,ΗΥ-255,http://www.csd.uoc.gr/CSD/index.jsp?content=courses_catalog_new&openmenu=demoAcc3&lang=gr&course=19,-,-,-,-,-,-,ΗΥ-358,ΗΥ-358,http://www.csd.uoc.gr/CSD/index.jsp?content=courses_catalog_new&openmenu=demoAcc3&lang=gr&course=93,-,-,-,-
C3,ΗΥ-469,Σύγχρονα Θέματα Αλληλεπίδρασης Ανθρώπου-Υπολογιστή,http://www.csd.uoc.gr/CSD/index.jsp?content=courses_catalog_new&openmenu=demoAcc3&lang=gr&course=232,6,ΗΥ-364,ΗΥ-364,http://www.csd.uoc.gr/CSD/index.jsp?content=courses_catalog_new&openmenu=demoAcc3&lang=gr&course=229,-,-,-,-,-,-,ΗΥ-359,ΗΥ-359,http://www.csd.uoc.gr/CSD/index.jsp?content=courses_catalog_new&openmenu=demoAcc3&lang=gr&course=94,-,-,-,-
C4,ΗΥ-482,Αλγόριθμοι στη Βιοπληροφορική,http://www.csd.uoc.gr/CSD/index.jsp?content=courses_catalog_new&openmenu=demoAcc3&lang=gr&course=117,6,HY-380 & HY-217 & HY-119,HY-380,http://www.csd.uoc.gr/CSD/index.jsp?content=courses_catalog_new&openmenu=demoAcc3&lang=gr&course=25,HY-217,http://www.csd.uoc.gr/CSD/index.jsp?content=courses_catalog_new&openmenu=demoAcc3&lang=gr&course=15,HY-119,http://www.csd.uoc.gr/CSD/index.jsp?content=courses_catalog_new&openmenu=demoAcc3&lang=gr&course=8,-,-,-,-,-,-,-,-,-
Core Courses,HY-100,Εισαγωγή στην Επιστήμη των Υπολογιστών,http://www.csd.uoc.gr/CSD/index.jsp?content=courses_catalog_new&openmenu=demoAcc3&lang=gr&course=1,8,-,-,-,-,-,-,-,-,-,-,-,-,-,-,-,-
Core Courses,HY-108,Αγγλικά I,http://www.csd.uoc.gr/CSD/index.jsp?content=courses_catalog_new&openmenu=demoAcc3&lang=gr&course=2,4,-,-,-,-,-,-,-,-,-,-,-,-,-,-,-,-
Core Courses,HY-109,Αγγλικά II,http://www.csd.uoc.gr/CSD/index.jsp?content=courses_catalog_new&openmenu=demoAcc3&lang=gr&course=3,4,HY-108,HY-108,http://www.csd.uoc.gr/CSD/index.jsp?content=courses_catalog_new&openmenu=demoAcc3&lang=gr&course=2,-,-,-,-,-,-,-,-,-,-,-,-,-
Core Courses,HY-110,Απειροστικός Λογισμός Ι,http://www.csd.uoc.gr/CSD/index.jsp?content=courses_catalog_new&openmenu=demoAcc3&lang=gr&course=4,8,-,-,-,-,-,-,-,-,-,-,-,-,-,-,-,-
Core Courses,HY-118,Διακριτά Μαθηματικά,http://www.csd.uoc.gr/CSD/index.jsp?content=courses_catalog_new&openmenu=demoAcc3&lang=gr&course=7,6,-,-,-,-,-,-,-,-,-,-,-,-,-,-,-,-
Core Courses,HY-119,Γραμμική Άλγεβρα,http://www.csd.uoc.gr/CSD/index.jsp?content=courses_catalog_new&openmenu=demoAcc3&lang=gr&course=8,6,-,-,-,-,-,-,-,-,-,-,-,-,-,-,-,-
Core Courses,HY-120,Ψηφιακή Σχεδίαση,http://www.csd.uoc.gr/CSD/index.jsp?content=courses_catalog_new&openmenu=demoAcc3&lang=gr&course=9,8,-,-,-,-,-,-,-,-,-,-,-,-,-,-,-,-
Core Courses,HY-150,Προγραμματισμός,http://www.csd.uoc.gr/CSD/index.jsp?content=courses_catalog_new&openmenu=demoAcc3&lang=gr&course=10,8,-,-,-,-,-,-,-,-,-,-,-,-,-,-,-,-
Core Courses,HY-180,Λογική,http://www.csd.uoc.gr/CSD/index.jsp?content=courses_catalog_new&openmenu=demoAcc3&lang=gr&course=11,6,-,-,-,-,-,-,-,-,-,-,-,-,-,-,-,-
Core Courses,HY-208,Αγγλικά III,http://www.csd.uoc.gr/CSD/index.jsp?content=courses_catalog_new&openmenu=demoAcc3&lang=gr&course=12,4,HY-109,HY-109,http://www.csd.uoc.gr/CSD/index.jsp?content=courses_catalog_new&openmenu=demoAcc3&lang=gr&course=3,-,-,-,-,-,-,-,-,-,-,-,-,-
Core Courses,HY-209,Αγγλικά IV,http://www.csd.uoc.gr/CSD/index.jsp?content=courses_catalog_new&openmenu=demoAcc3&lang=gr&course=13,4,HY-208,HY-208,http://www.csd.uoc.gr/CSD/index.jsp?content=courses_catalog_new&openmenu=demoAcc3&lang=gr&course=12,-,-,-,-,-,-,-,-,-,-,-,-,-
Core Courses,HY-215,Εφαρμοσμένα Μαθηματικά για Μηχανικούς,http://www.csd.uoc.gr/CSD/index.jsp?content=courses_catalog_new&openmenu=demoAcc3&lang=gr&course=14,8,ΗΥ-110,ΗΥ-110,http://www.csd.uoc.gr/CSD/index.jsp?content=courses_catalog_new&openmenu=demoAcc3&lang=gr&course=4,-,-,-,-,-,-,-,-,-,-,-,-,-
Core Courses,HY-217,Πιθανότητες,http://www.csd.uoc.gr/CSD/index.jsp?content=courses_catalog_new&openmenu=demoAcc3&lang=gr&course=15,6,ΗΥ-110,ΗΥ-110,http://www.csd.uoc.gr/CSD/index.jsp?content=courses_catalog_new&openmenu=demoAcc3&lang=gr&course=4,-,-,-,-,-,-,-,-,-,-,-,-,-
Core Courses,HY-225,Οργάνωση Υπολογιστών,http://www.csd.uoc.gr/CSD/index.jsp?content=courses_catalog_new&openmenu=demoAcc3&lang=gr&course=16,8,HY-120,HY-120,http://www.csd.uoc.gr/CSD/index.jsp?content=courses_catalog_new&openmenu=demoAcc3&lang=gr&course=9,-,-,-,-,-,-,-,-,-,-,-,-,-
Core Courses,HY-240,Δομές Δεδομένων,http://www.csd.uoc.gr/CSD/index.jsp?content=courses_catalog_new&openmenu=demoAcc3&lang=gr&course=17,8,HY-100 ή/or HY-150,HY-100,http://www.csd.uoc.gr/CSD/index.jsp?content=courses_catalog_new&openmenu=demoAcc3&lang=gr&course=1,HY-150,http://www.csd.uoc.gr/CSD/index.jsp?content=courses_catalog_new&openmenu=demoAcc3&lang=gr&course=10,-,-,-,-,HY-118,HY-118,http://www.csd.uoc.gr/CSD/index.jsp?content=courses_catalog_new&openmenu=demoAcc3&lang=gr&course=7,-,-,-,-
Core Courses,HY-252,Αντικειμενοστρεφής Προγραμματισμός,http://www.csd.uoc.gr/CSD/index.jsp?content=courses_catalog_new&openmenu=demoAcc3&lang=gr&course=18,8,ΗΥ-100 ή/or HY-150,ΗΥ-100,http://www.csd.uoc.gr/CSD/index.jsp?content=courses_catalog_new&openmenu=demoAcc3&lang=gr&course=1,HY-150,http://www.csd.uoc.gr/CSD/index.jsp?content=courses_catalog_new&openmenu=demoAcc3&lang=gr&course=10,-,-,-,-,-,-,-,-,-,-,-
Core Courses,HY-255,Εργαστήριο Λογισμικού,http://www.csd.uoc.gr/CSD/index.jsp?content=courses_catalog_new&openmenu=demoAcc3&lang=gr&course=19,6,ΗΥ-100 ή/or ΗΥ-150,ΗΥ-100,http://www.csd.uoc.gr/CSD/index.jsp?content=courses_catalog_new&openmenu=demoAcc3&lang=gr&course=1,ΗΥ-150,http://www.csd.uoc.gr/CSD/index.jsp?content=courses_catalog_new&openmenu=demoAcc3&lang=gr&course=10,-,-,-,-,-,-,-,-,-,-,-
Core Courses,HY-280,Θεωρία Υπολογισμού,http://www.csd.uoc.gr/CSD/index.jsp?content=courses_catalog_new&openmenu=demoAcc3&lang=gr&course=20,6,-,-,-,-,-,-,-,-,-,-,-,-,-,-,-,-
Core Courses,HY-335,Δίκτυα Υπολογιστών,http://www.csd.uoc.gr/CSD/index.jsp?content=courses_catalog_new&openmenu=demoAcc3&lang=gr&course=21,6,ΗΥ-118 ή/or ΗΥ-217,ΗΥ-118,http://www.csd.uoc.gr/CSD/index.jsp?content=courses_catalog_new&openmenu=demoAcc3&lang=gr&course=7,ΗΥ-217,http://www.csd.uoc.gr/CSD/index.jsp?content=courses_catalog_new&openmenu=demoAcc3&lang=gr&course=15,-,-,-,-,-,-,-,-,-,-,-
Core Courses,HY-340,Γλώσσες και Μεταφραστές,http://www.csd.uoc.gr/CSD/index.jsp?content=courses_catalog_new&openmenu=demoAcc3&lang=gr&course=22,8,HY-280 ή/or HY-240 ή/or HY-255,HY-280,http://www.csd.uoc.gr/CSD/index.jsp?content=courses_catalog_new&openmenu=demoAcc3&lang=gr&course=20,HY-240,http://www.csd.uoc.gr/CSD/index.jsp?content=courses_catalog_new&openmenu=demoAcc3&lang=gr&course=17,HY-255,http://www.csd.uoc.gr/CSD/index.jsp?content=courses_catalog_new&openmenu=demoAcc3&lang=gr&course=19,-,-,HY-225,HY-225,http://www.csd.uoc.gr/CSD/index.jsp?content=courses_catalog_new&openmenu=demoAcc3&lang=gr&course=16,-,-,-,-
Core Courses,HY-345,Λειτουργικά Συστήματα,http://www.csd.uoc.gr/CSD/index.jsp?content=courses_catalog_new&openmenu=demoAcc3&lang=gr&course=23,8,HY-240 ή/or HY-255,HY-240,http://www.csd.uoc.gr/CSD/index.jsp?content=courses_catalog_new&openmenu=demoAcc3&lang=gr&course=17,HY-255,http://www.csd.uoc.gr/CSD/index.jsp?content=courses_catalog_new&openmenu=demoAcc3&lang=gr&course=19,-,-,-,-,HY-225,HY-225,http://www.csd.uoc.gr/CSD/index.jsp?content=courses_catalog_new&openmenu=demoAcc3&lang=gr&course=16,-,-,-,-
Core Courses,HY-360,Αρχεία και Βάσεις Δεδομένων,http://www.csd.uoc.gr/CSD/index.jsp?content=courses_catalog_new&openmenu=demoAcc3&lang=gr&course=24,8,{HY-240 ή/or ΗΥ-255} & {ΗΥ-118 ή/or ΗΥ-180},HY-240,http://www.csd.uoc.gr/CSD/index.jsp?content=courses_catalog_new&openmenu=demoAcc3&lang=gr&course=17,ΗΥ-255,http://www.csd.uoc.gr/CSD/index.jsp?content=courses_catalog_new&openmenu=demoAcc3&lang=gr&course=19,ΗΥ-118,http://www.csd.uoc.gr/CSD/index.jsp?content=courses_catalog_new&openmenu=demoAcc3&lang=gr&course=7,ΗΥ-180,http://www.csd.uoc.gr/CSD/index.jsp?content=courses_catalog_new&openmenu=demoAcc3&lang=gr&course=11,-,-,-,-,-,-,-
Core Courses,HY-380,Αλγόριθμοι και Πολυπλοκότητα,http://www.csd.uoc.gr/CSD/index.jsp?content=courses_catalog_new&openmenu=demoAcc3&lang=gr&course=25,8,{HY-118 ή/or ΗΥ-280} & ΗΥ-240,HY-118,http://www.csd.uoc.gr/CSD/index.jsp?content=courses_catalog_new&openmenu=demoAcc3&lang=gr&course=7,ΗΥ-280,http://www.csd.uoc.gr/CSD/index.jsp?content=courses_catalog_new&openmenu=demoAcc3&lang=gr&course=20,ΗΥ-240,http://www.csd.uoc.gr/CSD/index.jsp?content=courses_catalog_new&openmenu=demoAcc3&lang=gr&course=17,-,-,-,-,-,-,-,-,-
Core Courses,HY-498,Διπλωματική Εργασία,http://www.csd.uoc.gr/CSD/index.jsp?content=courses_catalog_new&openmenu=demoAcc3&lang=gr&course=26,18,Επιτυχής παρακολούθηση των μαθημάτων κορμού των τεσσάρων πρώτων εξαμήνων,-,-,-,-,-,-,-,-,-,-,-,-,-,-,-
E1,EΜY-401,Οπτική και Κύματα,http://www.csd.uoc.gr/CSD/index.jsp?content=courses_catalog_new&openmenu=demoAcc3&lang=gr&course=77,5,-,-,-,-,-,-,-,-,-,-,-,-,-,-,-,-
E1,HY-111,Απειροστικός Λογισμός ΙI,http://www.csd.uoc.gr/CSD/index.jsp?content=courses_catalog_new&openmenu=demoAcc3&lang=gr&course=5,6,HY-110,HY-110,http://www.csd.uoc.gr/CSD/index.jsp?content=courses_catalog_new&openmenu=demoAcc3&lang=gr&course=4,-,-,-,-,-,-,-,-,-,-,-,-,-
E1,HY-112,Φυσική I,http://www.csd.uoc.gr/CSD/index.jsp?content=courses_catalog_new&openmenu=demoAcc3&lang=gr&course=6,8,-,-,-,-,-,-,-,-,-,-,-,-,-,-,-,-
E1,ΕΜΥ-414,Εργαστήριο Υπολογιστικού Ελέγχου και Αυτοματισμού Μετρητικών Διατάξεων,http://www.csd.uoc.gr/CSD/index.jsp?content=courses_catalog_new&openmenu=demoAcc3&lang=gr&course=279,5,Οπως στο Τμήμα Επιστήμης και Μηχανικής Υλικών,-,-,-,-,-,-,-,-,-,-,-,-,-,-,-
E1,ΗΥ-113,Φυσική ΙΙ,http://www.csd.uoc.gr/CSD/index.jsp?content=courses_catalog_new&openmenu=demoAcc3&lang=gr&course=34,6,-,-,-,-,-,-,-,-,-,-,-,-,-,-,-,-
E1,ΗΥ-121,Ηλεκτρικά Κυκλώματα,http://www.csd.uoc.gr/CSD/index.jsp?content=courses_catalog_new&openmenu=demoAcc3&lang=gr&course=35,6,-,-,-,-,-,-,-,-,-,-,-,-,-,-,-,-
E1,ΗΥ-122,Εισαγωγή στην Ηλεκτρονική,http://www.csd.uoc.gr/CSD/index.jsp?content=courses_catalog_new&openmenu=demoAcc3&lang=gr&course=36,6,-,-,-,-,-,-,-,-,-,-,-,-,-,-,-,-
E1,ΜΕΜ-106,Γραμμική Άλγεβρα Ι,http://www.csd.uoc.gr/CSD/index.jsp?content=courses_catalog_new&openmenu=demoAcc3&lang=gr&course=211,8,MEM-102 ή/or ΗΥ-119,MEM-102,https://opencourses.uoc.gr/courses/mod/page/view.php?id=9395,ΗΥ-119,http://www.csd.uoc.gr/CSD/index.jsp?content=courses_catalog_new&openmenu=demoAcc3&lang=gr&course=8,-,-,-,-,-,-,-,-,-,-,-
E1,ΜΕΜ-108,Απειροστικός Λογισμός ΙΙI,http://www.csd.uoc.gr/CSD/index.jsp?content=courses_catalog_new&openmenu=demoAcc3&lang=gr&course=212,8,MEM-102 ή/or ΗΥ-119 και/and ΜΕΜ-105 ή/or ΗΥ-111,MEM-102,https://opencourses.uoc.gr/courses/mod/page/view.php?id=9395,ΗΥ-119,http://www.csd.uoc.gr/CSD/index.jsp?content=courses_catalog_new&openmenu=demoAcc3&lang=gr&course=8,ΜΕΜ-105,https://tinyurl.com/3p2jp9f3,ΗΥ-111,http://www.csd.uoc.gr/CSD/index.jsp?content=courses_catalog_new&openmenu=demoAcc3&lang=gr&course=5,-,-,-,-,-,-,-
E1,ΜΕΜ-202,Αναλυτική Γεωμετρία,http://www.csd.uoc.gr/CSD/index.jsp?content=courses_catalog_new&openmenu=demoAcc3&lang=gr&course=38,8,-,-,-,-,-,-,-,-,-,-,-,-,-,-,-,-
E1,ΜΕΜ-203,Ευκλείδια Γεωμετρία,http://www.csd.uoc.gr/CSD/index.jsp?content=courses_catalog_new&openmenu=demoAcc3&lang=gr&course=39,8,-,-,-,-,-,-,-,-,-,-,-,-,-,-,-,-
E1,ΜΕΜ-204,Θεωρία Αριθμών,http://www.csd.uoc.gr/CSD/index.jsp?content=courses_catalog_new&openmenu=demoAcc3&lang=gr&course=40,8,ΜΕΜ-103 ή/or ΗΥ-118,ΜΕΜ-103,https://tinyurl.com/y786zzm3,ΗΥ-118,http://www.csd.uoc.gr/CSD/index.jsp?content=courses_catalog_new&openmenu=demoAcc3&lang=gr&course=7,-,-,-,-,-,-,-,-,-,-,-
E1,ΜΕΜ-211,Ανάλυση Ι,http://www.csd.uoc.gr/CSD/index.jsp?content=courses_catalog_new&openmenu=demoAcc3&lang=gr&course=213,7,ΜΕΜ-101 ή/or ΗΥ-110,ΜΕΜ-101,https://tinyurl.com/3vdfy6mr,ΗΥ-110,http://www.csd.uoc.gr/CSD/index.jsp?content=courses_catalog_new&openmenu=demoAcc3&lang=gr&course=7,-,-,-,-,-,-,-,-,-,-,-
E1,ΜΕΜ-213,Μιγαδική Ανάλυση,http://www.csd.uoc.gr/CSD/index.jsp?content=courses_catalog_new&openmenu=demoAcc3&lang=gr&course=43,8,-,-,-,-,-,-,-,-,-,-,-,-,-,-,-,-
E1,ΜΕΜ-221,Αλγεβρα Ι,http://www.csd.uoc.gr/CSD/index.jsp?content=courses_catalog_new&openmenu=demoAcc3&lang=gr&course=214,8,ΜΕΜ-102 ή/or ΗΥ-119,ΜΕΜ-102,https://opencourses.uoc.gr/courses/mod/page/view.php?id=9395,ΗΥ-119,http://www.csd.uoc.gr/CSD/index.jsp?content=courses_catalog_new&openmenu=demoAcc3&lang=gr&course=8,-,-,-,-,-,-,-,-,-,-,-
E1,ΜΕΜ-223,Γραμμική Αλγεβρα ΙΙ,http://www.csd.uoc.gr/CSD/index.jsp?content=courses_catalog_new&openmenu=demoAcc3&lang=gr&course=47,8,MEM-106,MEM-106,http://www.csd.uoc.gr/CSD/index.jsp?content=courses_catalog_new&openmenu=demoAcc3&lang=gr&course=211,-,-,-,-,-,-,-,-,-,-,-,-,-
E1,ΜΕΜ-224,Θεωρία Ομάδων,http://www.csd.uoc.gr/CSD/index.jsp?content=courses_catalog_new&openmenu=demoAcc3&lang=gr&course=48,8,MEM-221,MEM-221,http://www.csd.uoc.gr/CSD/index.jsp?content=courses_catalog_new&openmenu=demoAcc3&lang=gr&course=214,-,-,-,-,-,-,-,-,-,-,-,-,-
E1,ΜΕΜ-231,Διαφορική Γεωμετρία,http://www.csd.uoc.gr/CSD/index.jsp?content=courses_catalog_new&openmenu=demoAcc3&lang=gr&course=215,8,MEM-102 ή/or ΗΥ-119,MEM-102,https://opencourses.uoc.gr/courses/mod/page/view.php?id=9395,ΗΥ-119,http://www.csd.uoc.gr/CSD/index.jsp?content=courses_catalog_new&openmenu=demoAcc3&lang=gr&course=8,-,-,-,-,-,-,-,-,-,-,-
E1,ΜΕΜ-233,Γεωμετρία,http://www.csd.uoc.gr/CSD/index.jsp?content=courses_catalog_new&openmenu=demoAcc3&lang=gr&course=52,8,MEM-102 ή/or ΗΥ-119,MEM-102,https://opencourses.uoc.gr/courses/mod/page/view.php?id=9395,ΗΥ-119,http://www.csd.uoc.gr/CSD/index.jsp?content=courses_catalog_new&openmenu=demoAcc3&lang=gr&course=8,-,-,-,-,-,-,-,-,-,-,-
E1,ΜΕΜ-242,Θεωρία Συνόλων,http://www.csd.uoc.gr/CSD/index.jsp?content=courses_catalog_new&openmenu=demoAcc3&lang=gr&course=53,8,ΜΕΜ-103 ή/or ΗΥ-118,ΜΕΜ-103,https://tinyurl.com/y786zzm3,ΗΥ-118,http://www.csd.uoc.gr/CSD/index.jsp?content=courses_catalog_new&openmenu=demoAcc3&lang=gr&course=7,-,-,-,-,-,-,-,-,-,-,-
E1,ΜΕΜ-245,Εισαγωγή στην Κρυπτολογία,http://www.csd.uoc.gr/CSD/index.jsp?content=courses_catalog_new&openmenu=demoAcc3&lang=gr&course=216,8,MEM-221,MEM-221,http://www.csd.uoc.gr/CSD/index.jsp?content=courses_catalog_new&openmenu=demoAcc3&lang=gr&course=214,-,-,-,-,-,-,-,-,-,-,-,-,-
E1,ΜΕΜ-251,Αριθμητική Ανάλυση,http://www.csd.uoc.gr/CSD/index.jsp?content=courses_catalog_new&openmenu=demoAcc3&lang=gr&course=55,8,ΜΕΜ-101 ή/or ΗΥ-110 & MEM-102 ή/or ΗΥ-119 & ΗΥ-150,ΜΕΜ-101,https://tinyurl.com/3vdfy6mr,ΗΥ-110,http://www.csd.uoc.gr/CSD/index.jsp?content=courses_catalog_new&openmenu=demoAcc3&lang=gr&course=4,MEM-102,https://opencourses.uoc.gr/courses/mod/page/view.php?id=9395,ΗΥ-150,http://www.csd.uoc.gr/CSD/index.jsp?content=courses_catalog_new&openmenu=demoAcc3&lang=gr&course=10,-,-,-,-,-,-,-
E1,ΜΕΜ-252,Αριθμητική Λύση Συνήθων Διαφορικών Εξισώσεων,http://www.csd.uoc.gr/CSD/index.jsp?content=courses_catalog_new&openmenu=demoAcc3&lang=gr&course=56,8,MEM-102 ή/or ΗΥ-119 & ΜΕΜ-108 & ΗΥ-150,MEM-102,https://opencourses.uoc.gr/courses/mod/page/view.php?id=9395,ΗΥ-119,http://www.csd.uoc.gr/CSD/index.jsp?content=courses_catalog_new&openmenu=demoAcc3&lang=gr&course=8,ΜΕΜ-108,http://www.csd.uoc.gr/CSD/index.jsp?content=courses_catalog_new&openmenu=demoAcc3&lang=gr&course=212,ΗΥ-150,http://www.csd.uoc.gr/CSD/index.jsp?content=courses_catalog_new&openmenu=demoAcc3&lang=gr&course=10,-,-,-,-,-,-,-
E1,ΜΕΜ-253,Αριθμητική Λύση Μερικών Διαφορικών Εξισώσεων,http://www.csd.uoc.gr/CSD/index.jsp?content=courses_catalog_new&openmenu=demoAcc3&lang=gr&course=217,8,ΜΕΜ-102 ή/or ΗΥ-119 & ΜΕΜ-108 & ΗΥ-150,ΜΕΜ-102,https://opencourses.uoc.gr/courses/mod/page/view.php?id=9395,ΗΥ-119,http://www.csd.uoc.gr/CSD/index.jsp?content=courses_catalog_new&openmenu=demoAcc3&lang=gr&course=8,ΜΕΜ-108,http://www.csd.uoc.gr/CSD/index.jsp?content=courses_catalog_new&openmenu=demoAcc3&lang=gr&course=212,ΗΥ-150,http://www.csd.uoc.gr/CSD/index.jsp?content=courses_catalog_new&openmenu=demoAcc3&lang=gr&course=10,-,-,-,-,-,-,-
E1,ΜΕΜ-254,Αριθμητική Γραμμική Άλγεβρα,http://www.csd.uoc.gr/CSD/index.jsp?content=courses_catalog_new&openmenu=demoAcc3&lang=gr&course=57,8,ΜΕΜ-106 & ΜΕΜ-108 & ΗΥ-150,ΜΕΜ-106,http://www.csd.uoc.gr/CSD/index.jsp?content=courses_catalog_new&openmenu=demoAcc3&lang=gr&course=211,ΜΕΜ-108,http://www.csd.uoc.gr/CSD/index.jsp?content=courses_catalog_new&openmenu=demoAcc3&lang=gr&course=212,ΗΥ-150,http://www.csd.uoc.gr/CSD/index.jsp?content=courses_catalog_new&openmenu=demoAcc3&lang=gr&course=10,-,-,-,-,-,-,-,-,-
E1,ΜΕΜ-255,Θεωρία Προσεγγίσεως και Εφαρμογές,http://www.csd.uoc.gr/CSD/index.jsp?content=courses_catalog_new&openmenu=demoAcc3&lang=gr&course=58,8,ΜΕΜ-106 & ΜΕΜ-211 & ΗΥ-150,ΜΕΜ-106,http://www.csd.uoc.gr/CSD/index.jsp?content=courses_catalog_new&openmenu=demoAcc3&lang=gr&course=211,ΜΕΜ-211,https://tinyurl.com/2skdsw5k,ΗΥ-150,http://www.csd.uoc.gr/CSD/index.jsp?content=courses_catalog_new&openmenu=demoAcc3&lang=gr&course=10,-,-,-,-,-,-,-,-,-
E1,ΜΕΜ-262,Παραμετρική Στατιστική,http://www.csd.uoc.gr/CSD/index.jsp?content=courses_catalog_new&openmenu=demoAcc3&lang=gr&course=59,8,ΜΕΜ-101 ή/or ΗΥ-110 & MEM-102 ή/or ΗΥ-119 & ΜΕΜ-261 ή/or ΗΥ-217,ΜΕΜ-101,https://tinyurl.com/3vdfy6mr,MEM-102,https://opencourses.uoc.gr/courses/mod/page/view.php?id=9395,ΜΕΜ-261,https://tinyurl.com/y6h5mzw8,ΗΥ-217,http://www.csd.uoc.gr/CSD/index.jsp?content=courses_catalog_new&openmenu=demoAcc3&lang=gr&course=15,-,-,-,-,-,-,-
E1,ΜΕΜ-264,Εφαρμοσμένη Στατιστική,http://www.csd.uoc.gr/CSD/index.jsp?content=courses_catalog_new&openmenu=demoAcc3&lang=gr&course=60,8,ΜΕΜ-101 ή/or ΗΥ-110 & MEM-102 ή/or ΗΥ-119 & ΜΕΜ-261 ή/or ΗΥ-217,ΜΕΜ-101,https://tinyurl.com/3vdfy6mr,MEM-102,https://opencourses.uoc.gr/courses/mod/page/view.php?id=9395,ΜΕΜ-261,https://tinyurl.com/y6h5mzw8,ΗΥ-217,http://www.csd.uoc.gr/CSD/index.jsp?content=courses_catalog_new&openmenu=demoAcc3&lang=gr&course=15,-,-,-,-,-,-,-
E1,ΜΕΜ-271,Διαφορικές Εξισώσεις,http://www.csd.uoc.gr/CSD/index.jsp?content=courses_catalog_new&openmenu=demoAcc3&lang=gr&course=218,7,ΜΕΜ-105 ή/or ΗΥ-111,ΜΕΜ-105,https://tinyurl.com/3p2jp9f3,ΗΥ-111,http://www.csd.uoc.gr/CSD/index.jsp?content=courses_catalog_new&openmenu=demoAcc3&lang=gr&course=5,-,-,-,-,-,-,-,-,-,-,-
E1,ΜΕΜ-281,Θεωρία Ρευστών,http://www.csd.uoc.gr/CSD/index.jsp?content=courses_catalog_new&openmenu=demoAcc3&lang=gr&course=64,8,ΜΕΜ-108 & ΜΕΜ-271,ΜΕΜ-108,http://www.csd.uoc.gr/CSD/index.jsp?content=courses_catalog_new&openmenu=demoAcc3&lang=gr&course=212,ΜΕΜ-271,http://users.math.uoc.gr/~kosioris/MEM271/index.html,-,-,-,-,-,-,-,-,-,-,-
E1,ΜΕΜ-282,Μαθηματική Μοντελοποίηση,http://www.csd.uoc.gr/CSD/index.jsp?content=courses_catalog_new&openmenu=demoAcc3&lang=gr&course=219,8,ΜΕΜ-106 & ΜΕΜ-108 & ΜΕΜ-271,ΜΕΜ-106,http://www.csd.uoc.gr/CSD/index.jsp?content=courses_catalog_new&openmenu=demoAcc3&lang=gr&course=211,ΜΕΜ-108,http://www.csd.uoc.gr/CSD/index.jsp?content=courses_catalog_new&openmenu=demoAcc3&lang=gr&course=212,ΜΕΜ-271,http://users.math.uoc.gr/~kosioris/MEM271/index.html,-,-,-,-,-,-,-,-,-
E1,ΜΕΜ-284,Κυματική Διάδοση,http://www.csd.uoc.gr/CSD/index.jsp?content=courses_catalog_new&openmenu=demoAcc3&lang=gr&course=65,8,ΜΕΜ-108 & ΜΕΜ-271,ΜΕΜ-108,http://www.csd.uoc.gr/CSD/index.jsp?content=courses_catalog_new&openmenu=demoAcc3&lang=gr&course=212,ΜΕΜ-271,http://users.math.uoc.gr/~kosioris/MEM271/index.html,-,-,-,-,-,-,-,-,-,-,-
E1,ΜΕΜ-293,Θεωρία Βελτιστοποίησης,http://www.csd.uoc.gr/CSD/index.jsp?content=courses_catalog_new&openmenu=demoAcc3&lang=gr&course=66,8,ΜΕΜ-102 ή/or ΗΥ-119 & ΜΕΜ-105,ΜΕΜ-102,https://opencourses.uoc.gr/courses/mod/page/view.php?id=9395,ΗΥ-119,http://www.csd.uoc.gr/CSD/index.jsp?content=courses_catalog_new&openmenu=demoAcc3&lang=gr&course=8,ΜΕΜ-105,https://tinyurl.com/3p2jp9f3,-,-,-,-,-,-,-,-,-
E1,ΜΕΜ-297,Θεωρία Παιγνίων,http://www.csd.uoc.gr/CSD/index.jsp?content=courses_catalog_new&openmenu=demoAcc3&lang=gr&course=220,8,ΜΕΜ-251 & ΜΕΜ-271,ΜΕΜ-251,http://www.csd.uoc.gr/CSD/index.jsp?content=courses_catalog_new&openmenu=demoAcc3&lang=gr&course=55,ΜΕΜ-271,http://users.math.uoc.gr/~kosioris/MEM271/index.html,-,-,-,-,-,-,-,-,-,-,-
E1,ΦΥΣ-102,Γενική Φυσική ΙΙ (εφόσον δεν προσφέρεται από το Τμήμα Επιστήμης Υπολογιστών το ΗΥ-112),http://www.csd.uoc.gr/CSD/index.jsp?content=courses_catalog_new&openmenu=demoAcc3&lang=gr&course=206,7,-,-,-,-,-,-,-,-,-,-,-,-,-,-,-,-
E1,ΦΥΣ-103,Θέματα Σύγχρονης Φυσικής Ι,http://www.csd.uoc.gr/CSD/index.jsp?content=courses_catalog_new&openmenu=demoAcc3&lang=gr&course=207,3,-,-,-,-,-,-,-,-,-,-,-,-,-,-,-,-
E1,ΦΥΣ-201,Εισαγωγή στη Σύγχρονη Φυσική Ι,http://www.csd.uoc.gr/CSD/index.jsp?content=courses_catalog_new&openmenu=demoAcc3&lang=gr&course=208,7,-,-,-,-,-,-,-,-,-,-,-,-,-,-,-,-
E1,ΦΥΣ-230,Αστροφυσική Ι,http://www.csd.uoc.gr/CSD/index.jsp?content=courses_catalog_new&openmenu=demoAcc3&lang=gr&course=27,6,Όπως στο Τμήμα Φυσικής,-,-,-,-,-,-,-,-,-,-,-,-,-,-,-
E1,ΦΥΣ-271,Εισαγωγή στην Θεωρία Κυκλωμάτων (εφ΄ όσον δεν προσφέρεται απο το Τμήμα Επιστήμης Υπολογιστών το ΗΥ-121),http://www.csd.uoc.gr/CSD/index.jsp?content=courses_catalog_new&openmenu=demoAcc3&lang=gr&course=30,6,-,-,-,-,-,-,-,-,-,-,-,-,-,-,-,-
E1,ΦΥΣ-273,Εισαγωγή στις Ημιαγωγικές Διατάξεις,http://www.csd.uoc.gr/CSD/index.jsp?content=courses_catalog_new&openmenu=demoAcc3&lang=gr&course=31,6,-,-,-,-,-,-,-,-,-,-,-,-,-,-,-,-
E1,ΦΥΣ-277,Ηλεκτρονική Μικροσκοπία,http://www.csd.uoc.gr/CSD/index.jsp?content=courses_catalog_new&openmenu=demoAcc3&lang=gr&course=209,6,-,-,-,-,-,-,-,-,-,-,-,-,-,-,-,-
E1,ΦΥΣ-331,Αστροφυσική ΙΙ,http://www.csd.uoc.gr/CSD/index.jsp?content=courses_catalog_new&openmenu=demoAcc3&lang=gr&course=28,6,-,-,-,-,-,-,-,-,-,-,-,-,-,-,-,-
E1,ΦΥΣ-338,Αρχές και Εφαρμογές Δορυφορικής Τηλεσκόπησης,http://www.csd.uoc.gr/CSD/index.jsp?content=courses_catalog_new&openmenu=demoAcc3&lang=gr&course=29,6,-,-,-,-,-,-,-,-,-,-,-,-,-,-,-,-
E1,ΦΥΣ-361,Εισαγωγή στην Οπτοηλεκτρονική – Φωτονική,http://www.csd.uoc.gr/CSD/index.jsp?content=courses_catalog_new&openmenu=demoAcc3&lang=gr&course=210,6,-,-,-,-,-,-,-,-,-,-,-,-,-,-,-,-
E1,ΦΥΣ-374,Στοιχεία Ηλεκτρονικών,http://www.csd.uoc.gr/CSD/index.jsp?content=courses_catalog_new&openmenu=demoAcc3&lang=gr&course=32,7,-,-,-,-,-,-,-,-,-,-,-,-,-,-,-,-
E1,ΦΥΣ-457,Μαθηματικά Χρηματοοικονομικής Ανάλυσης Ι,http://www.csd.uoc.gr/CSD/index.jsp?content=courses_catalog_new&openmenu=demoAcc3&lang=gr&course=33,6,-,-,-,-,-,-,-,-,-,-,-,-,-,-,-,-
E2,ΠΚ1005,Εισαγωγή στην Ψυχολογία της Επιχειρηματικής Συμπεριφοράς,http://www.csd.uoc.gr/CSD/index.jsp?content=courses_catalog_new&openmenu=demoAcc3&lang=gr&course=270,6,-,-,-,-,-,-,-,-,-,-,-,-,-,-,-,-
E2,ΠΚ1007,Κοινωνική Επιχειρηματικότητα,http://www.csd.uoc.gr/CSD/index.jsp?content=courses_catalog_new&openmenu=demoAcc3&lang=gr&course=271,6,-,-,-,-,-,-,-,-,-,-,-,-,-,-,-,-
E2,EΜY-141,Εισαγωγή στην Επιστήμη Υλικών,http://www.csd.uoc.gr/CSD/index.jsp?content=courses_catalog_new&openmenu=demoAcc3&lang=gr&course=75,5,-,-,-,-,-,-,-,-,-,-,-,-,-,-,-,-
E2,ΒΙΟΛ-205,Γενετική Ι,http://www.csd.uoc.gr/CSD/index.jsp?content=courses_catalog_new&openmenu=demoAcc3&lang=gr&course=68,6,-,-,-,-,-,-,-,-,-,-,-,-,-,-,-,-
E2,ΒΙΟΛ-207,Μοριακή Βιολογία,http://www.csd.uoc.gr/CSD/index.jsp?content=courses_catalog_new&openmenu=demoAcc3&lang=gr&course=69,6,-,-,-,-,-,-,-,-,-,-,-,-,-,-,-,-
E2,ΒΙΟΛ-315,Υπολογιστική Βιολογία,http://www.csd.uoc.gr/CSD/index.jsp?content=courses_catalog_new&openmenu=demoAcc3&lang=gr&course=70,5,-,-,-,-,-,-,-,-,-,-,-,-,-,-,-,-
E2,ΒΙΟΛ-405,Εφαρμοσμένη Οικολογία και Διαχείριση Χερσαίων Οικοσυστημάτων,http://www.csd.uoc.gr/CSD/index.jsp?content=courses_catalog_new&openmenu=demoAcc3&lang=gr&course=71,4,-,-,-,-,-,-,-,-,-,-,-,-,-,-,-,-
E2,ΒΙΟΛ-476,Ανάλυση Γενετικών Δεδομένων,http://www.csd.uoc.gr/CSD/index.jsp?content=courses_catalog_new&openmenu=demoAcc3&lang=gr&course=277,6,Οπως στο Τμήμα Βιολογίας,-,-,-,-,-,-,-,-,-,-,-,-,-,-,-
E2,ΕΜΥ-448,Βιοϊατρική Μηχανική,http://www.csd.uoc.gr/CSD/index.jsp?content=courses_catalog_new&openmenu=demoAcc3&lang=gr&course=78,5,Όπως στο Τμήμα Επιστήμης και Τεχνολογίας Υλικών,-,-,-,-,-,-,-,-,-,-,-,-,-,-,-
E2,ΜΕΜ-341,Οικονομική Θεωρία Ι,http://www.csd.uoc.gr/CSD/index.jsp?content=courses_catalog_new&openmenu=demoAcc3&lang=gr&course=248,6,-,-,-,-,-,-,-,-,-,-,-,-,-,-,-,-
E2,ΜΕΜ-342,Οικονομική Θεωρία ΙΙ,http://www.csd.uoc.gr/CSD/index.jsp?content=courses_catalog_new&openmenu=demoAcc3&lang=gr&course=249,6,-,-,-,-,-,-,-,-,-,-,-,-,-,-,-,-
E2,ΜΕΜ-343,Επιχειρηματικότητα και Καινοτομία,http://www.csd.uoc.gr/CSD/index.jsp?content=courses_catalog_new&openmenu=demoAcc3&lang=gr&course=265,6,-,-,-,-,-,-,-,-,-,-,-,-,-,-,-,-
E2,ΜΕΜ-344,Διεθνή Μαθηματικά,http://www.csd.uoc.gr/CSD/index.jsp?content=courses_catalog_new&openmenu=demoAcc3&lang=gr&course=263,6,-,-,-,-,-,-,-,-,-,-,-,-,-,-,-,-
E2,ΟΙΚ-1002,Μακροοικονομική Θεωρία Ι,http://www.csd.uoc.gr/CSD/index.jsp?content=courses_catalog_new&openmenu=demoAcc3&lang=gr&course=72,8,--- (να επιλέγεται μόνο όταν δεν προσφέρεται το ΜΕΜ-342),-,-,-,-,-,-,-,-,-,-,-,-,-,-,-
E2,ΟΙΚ-1005,Μικροοικονομική Θεωρία Ι,http://www.csd.uoc.gr/CSD/index.jsp?content=courses_catalog_new&openmenu=demoAcc3&lang=gr&course=73,8,---(να επιλέγεται μόνο όταν δεν προσφέρεται το ΜΕΜ-341),-,-,-,-,-,-,-,-,-,-,-,-,-,-,-
E2,ΟΙΚ-2003,Οικονομετρία Ι,http://www.csd.uoc.gr/CSD/index.jsp?content=courses_catalog_new&openmenu=demoAcc3&lang=gr&course=74,8,-,-,-,-,-,-,-,-,-,-,-,-,-,-,-,-
E2,ΠΚ1003,Επιχειρηματική Στρατηγική,http://www.csd.uoc.gr/CSD/index.jsp?content=courses_catalog_new&openmenu=demoAcc3&lang=gr&course=247,6,Αντί του μαθήματος ΗΥ-409 Επιχειρησιακή Στρατηγική,-,-,-,-,-,-,-,-,-,-,-,-,-,-,-
E2,ΠΚ1004,Επιχειρηματική Αξιοποίηση Ερευνητικών Αποτελεσμάτων και Διανοητική Ιδιοκτησία,http://www.csd.uoc.gr/CSD/index.jsp?content=courses_catalog_new&openmenu=demoAcc3&lang=gr&course=269,6,-,-,-,-,-,-,-,-,-,-,-,-,-,-,-,-
E2,ΠΚ1006,Στρατηγική Διοίκηση Νεοφυών Επιχειρήσεων,http://www.csd.uoc.gr/CSD/index.jsp?content=courses_catalog_new&openmenu=demoAcc3&lang=gr&course=251,6,Αντί του μαθήματος ΗΥ-403,-,-,-,-,-,-,-,-,-,-,-,-,-,-,-
E2,ΣΘΤΕ-101,Αρχές Οικονομίας,http://www.csd.uoc.gr/CSD/index.jsp?content=courses_catalog_new&openmenu=demoAcc3&lang=gr&course=242,6,-,-,-,-,-,-,-,-,-,-,-,-,-,-,-,-
Free Elective Courses,ΗΥ-303,Ειδική Διδακτική Πρακτική Άσκηση,http://www.csd.uoc.gr/CSD/index.jsp?content=courses_catalog_new&openmenu=demoAcc3&lang=gr&course=243,6,ΗΥ-302,-,-,-,-,-,-,-,-,-,-,-,-,-,-,-
Free Elective Courses,ΗΥ-499Γ,Πρακτική Άσκηση Ι (διάρκεια 3 μηνών),http://www.csd.uoc.gr/CSD/index.jsp?content=courses_catalog_new&openmenu=demoAcc3&lang=gr&course=244,6,Όπως περιγράφονται στη σύνοψη του μαθήματος,-,-,-,-,-,-,-,-,-,-,-,-,-,-,-
Free Elective Courses,ΗΥ-499Ζ,Πρακτική Άσκηση ΙΙ (διάρκεια 3 μηνών),http://www.csd.uoc.gr/CSD/index.jsp?content=courses_catalog_new&openmenu=demoAcc3&lang=gr&course=245,6,Όπως περιγράφονται στη σύνοψη του μαθήματος,-,-,-,-,-,-,-,-,-,-,-,-,-,-,-
Free Elective Courses,Χ/Κ,Όλα τα υπόλοιπα μαθήματα του Πανεπιστημίου Κρήτης,http://www.csd.uoc.gr/CSD/index.jsp?content=courses_catalog_new&openmenu=demoAcc3&lang=gr&course=246,-,Οπως καθορίζονται από το αντίστοιχο Τμήμα,-,-,-,-,-,-,-,-,-,-,-,-,-,-,-
